Bar0, 1
Bar1, 0.5670498084291187
Bar2, 0.9923371647509578
Bar3, 0.7203065134099617
Bar4, 1
Bar5, 0.9118773946360152
Bar6, 1
Bar7, 0.7892720306513409
Bar8, 1
