Bar0, 1
Bar1, 0.9601593625498007
Bar2, 0.9561752988047807
