Bar0, 1
Bar1, 0.9621212121212122
Bar2, 0.9583333333333333
