Bar0, 1
Bar1, 1.1785714285714286
Bar2, 1.3520408163265305
Bar3, 1.5459183673469388
Bar4, 1.5969387755102042
Bar5, 1.5102040816326532
