Bar0, 1
Bar1, 1.0269662921348315
Bar2, 1
Bar3, 0.8426966292134832
