Bar0, 8
Bar1, 10.090909090909092
Bar2, 9.272727272727273
