Bar0, 1
Bar1, 494.17133613238383
Bar2, 1
Bar3, 205.55363918509212
Bar4, 60.57772023261461
Bar5, 32.37457542817645
Bar6, 22.229964825261945
Bar7, 14114.316893287438
Bar8, 1.0318235650454064
Bar9, 1526.4179671752333
Bar10, 205.55363918509212
Bar11, 28.561585549968694
Bar12, 40.312726942699776
Bar13, 2023.5896477251576
Bar14, 2856.158554996871
