Bar0, 1
Bar1, 307.4715081321838
Bar2, 1
Bar3, 755.1770453120356
Bar4, 316.22776601683825
Bar5, 165.77238855893142
Bar6, 170.49330007751388
Bar7, 4685.23854273686
Bar8, 1.028478274093904
Bar9, 282.6308158714421
Bar10, 9.45387283130793
Bar11, 57.029236976621775
Bar12, 13.619035171665477
Bar13, 259.7970087225647
Bar14, 170.49330007751388
