Bar0, 1
Bar1, 591.6113184867504
Bar2, 1
Bar3, 1490.2264919349918
Bar4, 182.556868016487
Bar5, 277.82351198732016
Bar6, 56.33261064922546
Bar7, 1971.663636281126
Bar8, 1
Bar9, 575.2788657295664
Bar10, 422.80471094627813
Bar11, 48.97445422272651
Bar12, 90.666491134128
Bar13, 434.80834671045136
Bar14, 661.7115161812937
Bar15, 0.40826509324805055
Bar16, 1
Bar17, 0.9194451703087251
