Bar0, 1
Bar1, 0.274074074074074
Bar2, 0.9703703703703703
Bar3, 0.48395061728395067
Bar4, 0.9185185185185186
