Bar0, 1
Bar1, 1.2898117108261251
Bar2, 0.8040131611167858
Bar3, 1
Bar4, 0.007943282347242814
Bar5, 0.32398605356263044
Bar6, 0.002976351441631316
Bar7, 0.1947483039908753
