Bar0, 1
Bar1, 1.7390420266081899
Bar2, 1.3789067060798506
Bar3, 1.1130421932675238
Bar4, 1.5076293156004956
Bar5, 0.8825441369233815
