Bar0, 1
Bar1, 1.018421052631579
Bar2, 0.9842105263157894
Bar3, 1
Bar4, 0.6499999999999999
Bar5, 0.9184210526315788
Bar6, 0.5789473684210525
Bar7, 0.8815789473684209
