Bar0, 0
Bar1, 0.6113537117903931
Bar2, 1.187772925764192
Bar3, 2.1659388646288207
