Bar0, 1
Bar1, 1.9940828402366864
Bar2, 1.319526627218935
Bar3, 1.0088757396449706
Bar4, 0.9023668639053255
