Bar0, 0
Bar1, 0
Bar2, 0
Bar3, 0
Bar4, 397.98994974874387
Bar5, 244.22110552763834
Bar6, 126.6331658291457
Bar7, 81.40703517587953
Bar8, 1447.2361809045224
Bar9, 732.6633165829145
Bar10, 253.2663316582916
Bar11, 45.2261306532664
