Bar0, 0
Bar1, 1829.8850574712644
Bar2, 174.71264367816073
