Bar0, 0
Bar1, 0
Bar2, 0
Bar3, 0
Bar4, 274.11167512690355
Bar5, 204.06091370558374
Bar6, 161.4213197969543
Bar7, 106.59898477157358
Bar8, 532.994923857868
Bar9, 313.70558375634516
Bar10, 45.68527918781724
Bar11, 15.228426395939028
