Bar0, 0
Bar1, 21.043577981651378
Bar2, 2.23623853211009
