Bar0, 0
Bar1, 0.021951219512195096
Bar2, 0.03658536585365849
Bar3, 0
Bar4, 0.07073170731707318
Bar5, 0.33902439024390246
Bar6, 0
Bar7, 0
Bar8, 0
