Bar0, 1
Bar1, 0.9240000000000002
Bar2, 0.8920000000000001
Bar3, 0.584
