Bar0, 1
Bar1, 0.5971830985915494
Bar2, 0.7746478873239437
Bar3, 0.7098591549295775
Bar4, 0.7605633802816901
Bar5, 0.7802816901408451
