Bar0, 0
Bar1, 45.235602094240846
Bar2, 65.96858638743456
Bar3, 80.41884816753925
Bar4, 89.84293193717276
