Bar0, 0
Bar1, 0
Bar2, 0.37558685446009177
Bar3, 0.657276995305165
Bar4, 4.976525821596242
Bar5, 15.680751173708916
