Bar0, 1
Bar1, 1.030909090909091
Bar2, 0.9727272727272728
Bar3, 0.9509090909090909
Bar4, 1.001818181818182
Bar5, 1.1600000000000001
Bar6, 1.229090909090909
Bar7, 1.1163636363636364
