Bar0, 0
Bar1, 66.18556701030928
Bar2, 75.4639175257732
Bar3, 93.4020618556701
Bar4, 95.87628865979381
