Bar0, 0
Bar1, 52.85714285714286
Bar2, 39.14285714285714
Bar3, 20.571428571428573
Bar4, 14
