Bar0, 0
Bar1, 1.542372881355932
Bar2, 3.0338983050847457
