Bar0, 1
Bar1, 0.00699300699300695
Bar2, 0.4825174825174826
