Bar0, 0
Bar1, 0.000001856287425149701
Bar2, 0.000007964071856287425
Bar3, 0
Bar4, 8.383233532934123e-7
Bar5, 0.000008562874251497006
Bar6, 0
Bar7, 0
Bar8, 0
