Bar0, 1
Bar1, 1.146456692913386
Bar2, 1.1858267716535433
Bar3, 1.195275590551181
Bar4, 1.110236220472441
