Bar0, 1
Bar1, 0
Bar2, 0.009259259259259349
Bar3, 0.6975308641975311
Bar4, 0.5216049382716049
Bar5, 0.48456790123456805
Bar6, 0.45370370370370394
Bar7, 1.1141975308641976
Bar8, 1.7839506172839505
Bar9, 1.2006172839506173
Bar10, 1.3549382716049383
Bar11, 0.7160493827160493
Bar12, 1.3518518518518519
Bar13, 0.25000000000000006
Bar14, 0.37037037037037057
Bar15, 0.75
Bar16, 0.48765432098765443
Bar17, 0
Bar18, 0
