Bar0, 1
Bar1, 1
Bar2, 1.0291970802919708
Bar3, 1.1003649635036497
Bar4, 0.958029197080292
Bar5, 0.9854014598540146
Bar6, 0.9215328467153285
Bar7, 0.9799270072992701
Bar8, 1.2956204379562042
Bar9, 1.4562043795620436
Bar10, 1.2901459854014599
Bar11, 1.366788321167883
Bar12, 1.1003649635036497
Bar13, 1.1624087591240875
Bar14, 0.9817518248175183
Bar15, 1.0711678832116789
