Bar0, 1
Bar1, 0.8242753623188407
Bar2, 0.9927536231884058
Bar3, 0.1666666666666666
Bar4, 0.9800724637681161
Bar5, 0.8496376811594204
Bar6, 0.9329710144927537
Bar7, 0.9782608695652174
