Bar0, 1
Bar1, 295.3324538258575
Bar2, 1
Bar3, 295.3324538258575
Bar4, 2.313984168865443
Bar5, 23.99472295514513
Bar6, 2.9709762532981645
Bar7, 243.43007915567281
Bar8, 4.284960422163594
Bar9, 61.44327176781004
Bar10, 4.284960422163594
Bar11, 129.11345646437996
Bar12, 6.255936675461744
Bar13, 295.3324538258575
