Bar0, 1
Bar1, 0.015384615384615427
Bar2, 1
Bar3, 0.015384615384615427
Bar4, 0.9956043956043956
Bar5, 0.923076923076923
Bar6, 0.9934065934065934
Bar7, 0.1890109890109891
Bar8, 0.989010989010989
Bar9, 0.7978021978021977
Bar10, 0.989010989010989
Bar11, 0.5714285714285715
Bar12, 0.9824175824175825
Bar13, 0.015384615384615427
