Bar0, 1
Bar1, 26.92241379310345
Bar2, 2.0689655172413786
Bar3, 123.9310344827586
Bar4, 3.939655172413796
Bar5, 23.18103448275862
Bar6, 10.887931034482756
Bar7, 4.20689655172414
