Bar0, 1
Bar1, 0.8417849898580121
Bar2, 0.8559837728194727
Bar3, 0.7525354969574035
Bar4, 0.6470588235294118
Bar5, 0.6369168356997972
Bar6, 0.667342799188641
Bar7, 0.5598377281947261
